[{"model": "contenttypes.contenttype", "pk": 1, "fields": {"app_label": "admin", "model": "logentry"}}, {"model": "contenttypes.contenttype", "pk": 2, "fields": {"app_label": "auth", "model": "user"}}, {"model": "contenttypes.contenttype", "pk": 3, "fields": {"app_label": "auth", "model": "group"}}, {"model": "contenttypes.contenttype", "pk": 4, "fields": {"app_label": "auth", "model": "permission"}}, {"model": "contenttypes.contenttype", "pk": 5, "fields": {"app_label": "contenttypes", "model": "contenttype"}}, {"model": "contenttypes.contenttype", "pk": 6, "fields": {"app_label": "sessions", "model": "session"}}, {"model": "contenttypes.contenttype", "pk": 7, "fields": {"app_label": "hotel", "model": "room"}}, {"model": "contenttypes.contenttype", "pk": 9, "fields": {"app_label": "hotel", "model": "roomtype"}}, {"model": "contenttypes.contenttype", "pk": 10, "fields": {"app_label": "hotel", "model": "guest"}}, {"model": "contenttypes.contenttype", "pk": 11, "fields": {"app_label": "hotel", "model": "item"}}, {"model": "contenttypes.contenttype", "pk": 12, "fields": {"app_label": "hotel", "model": "order"}}, {"model": "contenttypes.contenttype", "pk": 13, "fields": {"app_label": "hotel", "model": "motorcycle"}}, {"model": "contenttypes.contenttype", "pk": 14, "fields": {"app_label": "hotel", "model": "roomitem"}}, {"model": "contenttypes.contenttype", "pk": 15, "fields": {"app_label": "hotel", "model": "occupation"}}, {"model": "sessions.session", "pk": "7lkb0bys6ccw6a5cbbcegm4j2p1zjt0v", "fields": {"session_data": "OTgwMWMwZDcxMzM5YmNlMDFhMmI3ZmFkMTQzZThkNjEyYzNmNDU0Yzp7Il9hdXRoX3VzZXJfaWQiOiIxIiwiX2F1dGhfdXNlcl9iYWNrZW5kIjoiZGphbmdvLmNvbnRyaWIuYXV0aC5iYWNrZW5kcy5Nb2RlbEJhY2tlbmQiLCJfYXV0aF91c2VyX2hhc2giOiI2YTU4YzBlMDcwOGViY2ZmMGMxY2Y4Y2I0YmY4YzhjZDZlNTliNzBiIn0=", "expire_date": "2016-11-22T18:18:15.358Z"}}, {"model": "sessions.session", "pk": "8jmnpcyi2tjspai3ieviygwia6t5vsh9", "fields": {"session_data": "MzAxYTI0ODQzMDI4MzI3ZWQxYWY1MjIwMzkyYzIwY2JjMTU0NzJkMTp7Il9hdXRoX3VzZXJfaGFzaCI6IjZhNThjMGUwNzA4ZWJjZmYwYzFjZjhjYjRiZjhjOGNkNmU1OWI3MGIiLCJfYXV0aF91c2VyX2JhY2tlbmQiOiJkamFuZ28uY29udHJpYi5hdXRoLmJhY2tlbmRzLk1vZGVsQmFja2VuZCIsIl9hdXRoX3VzZXJfaWQiOiIxIn0=", "expire_date": "2016-11-01T09:11:43.314Z"}}, {"model": "sessions.session", "pk": "s8ev2r0d612lh3xdmsdb0mgf5p1r8t60", "fields": {"session_data": "MzAxYTI0ODQzMDI4MzI3ZWQxYWY1MjIwMzkyYzIwY2JjMTU0NzJkMTp7Il9hdXRoX3VzZXJfaGFzaCI6IjZhNThjMGUwNzA4ZWJjZmYwYzFjZjhjYjRiZjhjOGNkNmU1OWI3MGIiLCJfYXV0aF91c2VyX2JhY2tlbmQiOiJkamFuZ28uY29udHJpYi5hdXRoLmJhY2tlbmRzLk1vZGVsQmFja2VuZCIsIl9hdXRoX3VzZXJfaWQiOiIxIn0=", "expire_date": "2016-12-07T02:09:43.885Z"}}, {"model": "hotel.roomtype", "pk": 1, "fields": {"name": "Poolside Old", "description": "for up to two persons. Fan or AC.", "price": 1200}}, {"model": "hotel.roomtype", "pk": 2, "fields": {"name": "Poolside New", "description": "New Cottages with AC, one cottage with spare bed", "price": 1500}}, {"model": "hotel.roomtype", "pk": 3, "fields": {"name": "Wanderlust", "description": "Basic Cottages next to pool with fan", "price": 890}}, {"model": "hotel.roomtype", "pk": 4, "fields": {"name": "Garden", "description": "Basic cottages with fan.", "price": 990}}, {"model": "hotel.motorcycle", "pk": 1, "fields": {"model": "Honda Wave 100", "color": "red", "clutch": "M", "registration": "GB 2343", "notes": "", "date_from": "2016-11-10", "date_to": null}}, {"model": "hotel.motorcycle", "pk": 2, "fields": {"model": "Honda Wave 100", "color": "blue", "clutch": "M", "registration": "GB 12233", "notes": "", "date_from": "2016-11-10", "date_to": null}}, {"model": "hotel.motorcycle", "pk": 3, "fields": {"model": "Honda Beat", "color": "pink", "clutch": "A", "registration": "GP 34234", "notes": "", "date_from": "2016-11-10", "date_to": null}}, {"model": "hotel.room", "pk": 1, "fields": {"number": 1, "room_type": 1}}, {"model": "hotel.room", "pk": 2, "fields": {"number": 2, "room_type": 2}}, {"model": "hotel.room", "pk": 3, "fields": {"number": 3, "room_type": 2}}, {"model": "hotel.room", "pk": 4, "fields": {"number": 4, "room_type": 3}}, {"model": "hotel.room", "pk": 5, "fields": {"number": 5, "room_type": 3}}, {"model": "hotel.room", "pk": 6, "fields": {"number": 6, "room_type": 3}}, {"model": "hotel.room", "pk": 7, "fields": {"number": 7, "room_type": 4}}, {"model": "hotel.room", "pk": 8, "fields": {"number": 8, "room_type": 4}}, {"model": "hotel.room", "pk": 9, "fields": {"number": 9, "room_type": 4}}, {"model": "hotel.guest", "pk": 31, "fields": {"checkin_date": "2016-11-15", "checkout_date": "2016-12-15", "gender": "F", "name": "Beyonce Hugentobler", "email": "bh@dungeon.ch", "passport_number": "CH2934234", "passport_deposited": true, "is_guest": true, "motorcycle": 3, "room": 5, "discount": 0.0}}, {"model": "hotel.guest", "pk": 32, "fields": {"checkin_date": "2016-11-15", "checkout_date": "2016-12-14", "gender": "M", "name": "Torben Sjoersgard", "email": "tsjo@admin.ng", "passport_number": "NOR234234", "passport_deposited": true, "is_guest": true, "motorcycle": 1, "room": 2, "discount": 0.0}}, {"model": "hotel.guest", "pk": 33, "fields": {"checkin_date": "2016-11-20", "checkout_date": "2016-12-03", "gender": "M", "name": "Samir Al-Banani", "email": "sab@djihad.ir", "passport_number": "IR2234324", "passport_deposited": true, "is_guest": true, "motorcycle": 3, "room": 1, "discount": 0.0}}, {"model": "hotel.guest", "pk": 34, "fields": {"checkin_date": "2016-11-23", "checkout_date": "2016-12-01", "gender": "M", "name": "Tronald Dump", "email": "thedumpster@iloveporn.org", "passport_number": "US666666666", "passport_deposited": true, "is_guest": true, "motorcycle": 1, "room": 6, "discount": 20.0}}, {"model": "hotel.item", "pk": 1, "fields": {"name": "Mineral Water", "group": "01", "active": true, "price": 29}}, {"model": "hotel.item", "pk": 2, "fields": {"name": "San Mig Pilsen", "group": "01", "active": true, "price": 48}}, {"model": "hotel.item", "pk": 3, "fields": {"name": "San Miguel Light", "group": "01", "active": true, "price": 53}}, {"model": "hotel.item", "pk": 4, "fields": {"name": "Coke", "group": "01", "active": true, "price": 25}}, {"model": "hotel.item", "pk": 5, "fields": {"name": "Sprite", "group": "01", "active": true, "price": 25}}, {"model": "hotel.item", "pk": 6, "fields": {"name": "Royal(orange)", "group": "01", "active": true, "price": 25}}, {"model": "hotel.item", "pk": 7, "fields": {"name": "Tonic Water", "group": "01", "active": true, "price": 50}}, {"model": "hotel.item", "pk": 8, "fields": {"name": "Soda Water", "group": "01", "active": true, "price": 50}}, {"model": "hotel.item", "pk": 9, "fields": {"name": "Instant Coffee", "group": "01", "active": true, "price": 30}}, {"model": "hotel.item", "pk": 10, "fields": {"name": "Room Rate", "group": "98", "active": true, "price": 0}}, {"model": "hotel.order", "pk": 45, "fields": {"guest": 33, "date": "2016-11-23", "amount": 1, "item": 10, "price": 12000, "is_paid": true, "paid_date": "2016-11-23"}}, {"model": "hotel.order", "pk": 46, "fields": {"guest": 34, "date": "2016-11-23", "amount": 14, "item": 3, "price": 742, "is_paid": true, "paid_date": "2016-11-23"}}, {"model": "hotel.order", "pk": 47, "fields": {"guest": 33, "date": "2016-11-23", "amount": 2, "item": 6, "price": 50, "is_paid": false, "paid_date": null}}, {"model": "hotel.order", "pk": 48, "fields": {"guest": 32, "date": "2016-11-23", "amount": 1, "item": 9, "price": 30, "is_paid": false, "paid_date": null}}, {"model": "hotel.order", "pk": 49, "fields": {"guest": 31, "date": "2016-11-23", "amount": 3, "item": 3, "price": 159, "is_paid": false, "paid_date": null}}, {"model": "hotel.roomitem", "pk": 10, "fields": {"guest": 31, "room": 5, "date_from": "2016-11-15", "date_to": "2016-12-15", "days_paid": 0, "price": null}}, {"model": "hotel.roomitem", "pk": 11, "fields": {"guest": 32, "room": 2, "date_from": "2016-11-15", "date_to": "2016-11-16", "days_paid": 0, "price": 43500}}, {"model": "hotel.roomitem", "pk": 12, "fields": {"guest": 33, "room": 1, "date_from": "2016-11-20", "date_to": "2016-12-03", "days_paid": 10, "price": 3600}}, {"model": "hotel.roomitem", "pk": 13, "fields": {"guest": 34, "room": 6, "date_from": "2016-11-23", "date_to": "2016-12-01", "days_paid": 0, "price": 5696}}, {"model": "hotel.occupation", "pk": 17, "fields": {"room": 5, "date": "2016-11-15", "is_occupaid": true}}, {"model": "hotel.occupation", "pk": 18, "fields": {"room": 5, "date": "2016-11-16", "is_occupaid": true}}, {"model": "hotel.occupation", "pk": 19, "fields": {"room": 5, "date": "2016-11-17", "is_occupaid": true}}, {"model": "hotel.occupation", "pk": 20, "fields": {"room": 5, "date": "2016-11-18", "is_occupaid": true}}, {"model": "hotel.occupation", "pk": 21, "fields": {"room": 5, "date": "2016-11-19", "is_occupaid": true}}, {"model": "hotel.occupation", "pk": 22, "fields": {"room": 5, "date": "2016-11-20", "is_occupaid": true}}, {"model": "hotel.occupation", "pk": 23, "fields": {"room": 5, "date": "2016-11-21", "is_occupaid": true}}, {"model": "hotel.occupation", "pk": 24, "fields": {"room": 5, "date": "2016-11-22", "is_occupaid": true}}, {"model": "hotel.occupation", "pk": 25, "fields": {"room": 5, "date": "2016-11-23", "is_occupaid": true}}, {"model": "hotel.occupation", "pk": 26, "fields": {"room": 5, "date": "2016-11-24", "is_occupaid": true}}, {"model": "hotel.occupation", "pk": 27, "fields": {"room": 5, "date": "2016-11-25", "is_occupaid": true}}, {"model": "hotel.occupation", "pk": 28, "fields": {"room": 5, "date": "2016-11-26", "is_occupaid": true}}, {"model": "hotel.occupation", "pk": 29, "fields": {"room": 5, "date": "2016-11-27", "is_occupaid": true}}, {"model": "hotel.occupation", "pk": 30, "fields": {"room": 5, "date": "2016-11-28", "is_occupaid": true}}, {"model": "hotel.occupation", "pk": 31, "fields": {"room": 5, "date": "2016-11-29", "is_occupaid": true}}, {"model": "hotel.occupation", "pk": 32, "fields": {"room": 5, "date": "2016-11-30", "is_occupaid": true}}, {"model": "hotel.occupation", "pk": 33, "fields": {"room": 5, "date": "2016-12-01", "is_occupaid": true}}, {"model": "hotel.occupation", "pk": 34, "fields": {"room": 5, "date": "2016-12-02", "is_occupaid": true}}, {"model": "hotel.occupation", "pk": 35, "fields": {"room": 5, "date": "2016-12-03", "is_occupaid": true}}, {"model": "hotel.occupation", "pk": 36, "fields": {"room": 5, "date": "2016-12-04", "is_occupaid": true}}, {"model": "hotel.occupation", "pk": 37, "fields": {"room": 5, "date": "2016-12-05", "is_occupaid": true}}, {"model": "hotel.occupation", "pk": 38, "fields": {"room": 5, "date": "2016-12-06", "is_occupaid": true}}, {"model": "hotel.occupation", "pk": 39, "fields": {"room": 5, "date": "2016-12-07", "is_occupaid": true}}, {"model": "hotel.occupation", "pk": 40, "fields": {"room": 5, "date": "2016-12-08", "is_occupaid": true}}, {"model": "hotel.occupation", "pk": 41, "fields": {"room": 5, "date": "2016-12-09", "is_occupaid": true}}, {"model": "hotel.occupation", "pk": 42, "fields": {"room": 5, "date": "2016-12-10", "is_occupaid": true}}, {"model": "hotel.occupation", "pk": 43, "fields": {"room": 5, "date": "2016-12-11", "is_occupaid": true}}, {"model": "hotel.occupation", "pk": 44, "fields": {"room": 5, "date": "2016-12-12", "is_occupaid": true}}, {"model": "hotel.occupation", "pk": 45, "fields": {"room": 5, "date": "2016-12-13", "is_occupaid": true}}, {"model": "hotel.occupation", "pk": 46, "fields": {"room": 5, "date": "2016-12-14", "is_occupaid": true}}, {"model": "hotel.occupation", "pk": 47, "fields": {"room": 5, "date": "2016-12-15", "is_occupaid": true}}, {"model": "hotel.occupation", "pk": 48, "fields": {"room": 2, "date": "2016-11-15", "is_occupaid": true}}, {"model": "hotel.occupation", "pk": 49, "fields": {"room": 1, "date": "2016-11-20", "is_occupaid": true}}, {"model": "hotel.occupation", "pk": 50, "fields": {"room": 1, "date": "2016-11-21", "is_occupaid": true}}, {"model": "hotel.occupation", "pk": 51, "fields": {"room": 1, "date": "2016-11-22", "is_occupaid": true}}, {"model": "hotel.occupation", "pk": 52, "fields": {"room": 1, "date": "2016-11-23", "is_occupaid": true}}, {"model": "hotel.occupation", "pk": 53, "fields": {"room": 1, "date": "2016-11-24", "is_occupaid": true}}, {"model": "hotel.occupation", "pk": 54, "fields": {"room": 1, "date": "2016-11-25", "is_occupaid": true}}, {"model": "hotel.occupation", "pk": 55, "fields": {"room": 1, "date": "2016-11-26", "is_occupaid": true}}, {"model": "hotel.occupation", "pk": 56, "fields": {"room": 1, "date": "2016-11-27", "is_occupaid": true}}, {"model": "hotel.occupation", "pk": 57, "fields": {"room": 1, "date": "2016-11-28", "is_occupaid": true}}, {"model": "hotel.occupation", "pk": 58, "fields": {"room": 1, "date": "2016-11-29", "is_occupaid": true}}, {"model": "hotel.occupation", "pk": 59, "fields": {"room": 1, "date": "2016-11-30", "is_occupaid": true}}, {"model": "hotel.occupation", "pk": 60, "fields": {"room": 1, "date": "2016-12-01", "is_occupaid": true}}, {"model": "hotel.occupation", "pk": 61, "fields": {"room": 1, "date": "2016-12-02", "is_occupaid": true}}, {"model": "hotel.occupation", "pk": 62, "fields": {"room": 1, "date": "2016-12-03", "is_occupaid": true}}, {"model": "hotel.occupation", "pk": 63, "fields": {"room": 6, "date": "2016-11-23", "is_occupaid": true}}, {"model": "hotel.occupation", "pk": 64, "fields": {"room": 6, "date": "2016-11-24", "is_occupaid": true}}, {"model": "hotel.occupation", "pk": 65, "fields": {"room": 6, "date": "2016-11-25", "is_occupaid": true}}, {"model": "hotel.occupation", "pk": 66, "fields": {"room": 6, "date": "2016-11-26", "is_occupaid": true}}, {"model": "hotel.occupation", "pk": 67, "fields": {"room": 6, "date": "2016-11-27", "is_occupaid": true}}, {"model": "hotel.occupation", "pk": 68, "fields": {"room": 6, "date": "2016-11-28", "is_occupaid": true}}, {"model": "hotel.occupation", "pk": 69, "fields": {"room": 6, "date": "2016-11-29", "is_occupaid": true}}, {"model": "hotel.occupation", "pk": 70, "fields": {"room": 6, "date": "2016-11-30", "is_occupaid": true}}, {"model": "hotel.occupation", "pk": 71, "fields": {"room": 6, "date": "2016-12-01", "is_occupaid": true}}, {"model": "auth.permission", "pk": 1, "fields": {"name": "Can add log entry", "content_type": 1, "codename": "add_logentry"}}, {"model": "auth.permission", "pk": 2, "fields": {"name": "Can change log entry", "content_type": 1, "codename": "change_logentry"}}, {"model": "auth.permission", "pk": 3, "fields": {"name": "Can delete log entry", "content_type": 1, "codename": "delete_logentry"}}, {"model": "auth.permission", "pk": 4, "fields": {"name": "Can add user", "content_type": 2, "codename": "add_user"}}, {"model": "auth.permission", "pk": 5, "fields": {"name": "Can change user", "content_type": 2, "codename": "change_user"}}, {"model": "auth.permission", "pk": 6, "fields": {"name": "Can delete user", "content_type": 2, "codename": "delete_user"}}, {"model": "auth.permission", "pk": 7, "fields": {"name": "Can add group", "content_type": 3, "codename": "add_group"}}, {"model": "auth.permission", "pk": 8, "fields": {"name": "Can change group", "content_type": 3, "codename": "change_group"}}, {"model": "auth.permission", "pk": 9, "fields": {"name": "Can delete group", "content_type": 3, "codename": "delete_group"}}, {"model": "auth.permission", "pk": 10, "fields": {"name": "Can add permission", "content_type": 4, "codename": "add_permission"}}, {"model": "auth.permission", "pk": 11, "fields": {"name": "Can change permission", "content_type": 4, "codename": "change_permission"}}, {"model": "auth.permission", "pk": 12, "fields": {"name": "Can delete permission", "content_type": 4, "codename": "delete_permission"}}, {"model": "auth.permission", "pk": 13, "fields": {"name": "Can add content type", "content_type": 5, "codename": "add_contenttype"}}, {"model": "auth.permission", "pk": 14, "fields": {"name": "Can change content type", "content_type": 5, "codename": "change_contenttype"}}, {"model": "auth.permission", "pk": 15, "fields": {"name": "Can delete content type", "content_type": 5, "codename": "delete_contenttype"}}, {"model": "auth.permission", "pk": 16, "fields": {"name": "Can add session", "content_type": 6, "codename": "add_session"}}, {"model": "auth.permission", "pk": 17, "fields": {"name": "Can change session", "content_type": 6, "codename": "change_session"}}, {"model": "auth.permission", "pk": 18, "fields": {"name": "Can delete session", "content_type": 6, "codename": "delete_session"}}, {"model": "auth.permission", "pk": 19, "fields": {"name": "Can add room", "content_type": 7, "codename": "add_room"}}, {"model": "auth.permission", "pk": 20, "fields": {"name": "Can change room", "content_type": 7, "codename": "change_room"}}, {"model": "auth.permission", "pk": 21, "fields": {"name": "Can delete room", "content_type": 7, "codename": "delete_room"}}, {"model": "auth.permission", "pk": 25, "fields": {"name": "Can add room type", "content_type": 9, "codename": "add_roomtype"}}, {"model": "auth.permission", "pk": 26, "fields": {"name": "Can change room type", "content_type": 9, "codename": "change_roomtype"}}, {"model": "auth.permission", "pk": 27, "fields": {"name": "Can delete room type", "content_type": 9, "codename": "delete_roomtype"}}, {"model": "auth.permission", "pk": 28, "fields": {"name": "Can add guest", "content_type": 10, "codename": "add_guest"}}, {"model": "auth.permission", "pk": 29, "fields": {"name": "Can change guest", "content_type": 10, "codename": "change_guest"}}, {"model": "auth.permission", "pk": 30, "fields": {"name": "Can delete guest", "content_type": 10, "codename": "delete_guest"}}, {"model": "auth.permission", "pk": 31, "fields": {"name": "Can add item", "content_type": 11, "codename": "add_item"}}, {"model": "auth.permission", "pk": 32, "fields": {"name": "Can change item", "content_type": 11, "codename": "change_item"}}, {"model": "auth.permission", "pk": 33, "fields": {"name": "Can delete item", "content_type": 11, "codename": "delete_item"}}, {"model": "auth.permission", "pk": 34, "fields": {"name": "Can add order", "content_type": 12, "codename": "add_order"}}, {"model": "auth.permission", "pk": 35, "fields": {"name": "Can change order", "content_type": 12, "codename": "change_order"}}, {"model": "auth.permission", "pk": 36, "fields": {"name": "Can delete order", "content_type": 12, "codename": "delete_order"}}, {"model": "auth.permission", "pk": 37, "fields": {"name": "Can add motorcycle", "content_type": 13, "codename": "add_motorcycle"}}, {"model": "auth.permission", "pk": 38, "fields": {"name": "Can change motorcycle", "content_type": 13, "codename": "change_motorcycle"}}, {"model": "auth.permission", "pk": 39, "fields": {"name": "Can delete motorcycle", "content_type": 13, "codename": "delete_motorcycle"}}, {"model": "auth.permission", "pk": 40, "fields": {"name": "Can add room item", "content_type": 14, "codename": "add_roomitem"}}, {"model": "auth.permission", "pk": 41, "fields": {"name": "Can change room item", "content_type": 14, "codename": "change_roomitem"}}, {"model": "auth.permission", "pk": 42, "fields": {"name": "Can delete room item", "content_type": 14, "codename": "delete_roomitem"}}, {"model": "auth.permission", "pk": 43, "fields": {"name": "Can add occupation", "content_type": 15, "codename": "add_occupation"}}, {"model": "auth.permission", "pk": 44, "fields": {"name": "Can change occupation", "content_type": 15, "codename": "change_occupation"}}, {"model": "auth.permission", "pk": 45, "fields": {"name": "Can delete occupation", "content_type": 15, "codename": "delete_occupation"}}, {"model": "auth.user", "pk": 1, "fields": {"password": "pbkdf2_sha256$30000$hgZcKAaJKw6U$dLnHCRCnA+QGnhfaHYNeUoaIfntl3aLjlLNgQujKl3o=", "last_login": "2016-11-23T02:09:43.825Z", "is_superuser": true, "username": "admin", "first_name": "", "last_name": "", "email": "buemplizer@gmail.com", "is_staff": true, "is_active": true, "date_joined": "2016-10-18T07:29:20.465Z", "groups": [], "user_permissions": []}}, {"model": "admin.logentry", "pk": 1, "fields": {"action_time": "2016-10-18T07:32:19.217Z", "user": 1, "content_type": 9, "object_id": "1", "object_repr": "Poolside Old", "action_flag": 1, "change_message": "[{\"added\": {}}]"}}, {"model": "admin.logentry", "pk": 2, "fields": {"action_time": "2016-10-18T07:32:42.156Z", "user": 1, "content_type": 9, "object_id": "2", "object_repr": "PoolsideNew", "action_flag": 1, "change_message": "[{\"added\": {}}]"}}, {"model": "admin.logentry", "pk": 3, "fields": {"action_time": "2016-10-18T07:32:54.430Z", "user": 1, "content_type": 9, "object_id": "3", "object_repr": "Wanderlust", "action_flag": 1, "change_message": "[{\"added\": {}}]"}}, {"model": "admin.logentry", "pk": 4, "fields": {"action_time": "2016-10-18T07:33:26.878Z", "user": 1, "content_type": 9, "object_id": "4", "object_repr": "Garden", "action_flag": 1, "change_message": "[{\"added\": {}}]"}}, {"model": "admin.logentry", "pk": 5, "fields": {"action_time": "2016-10-18T07:41:03.268Z", "user": 1, "content_type": 7, "object_id": "1", "object_repr": "1", "action_flag": 1, "change_message": "[{\"added\": {}}]"}}, {"model": "admin.logentry", "pk": 6, "fields": {"action_time": "2016-10-18T07:41:10.637Z", "user": 1, "content_type": 7, "object_id": "2", "object_repr": "2", "action_flag": 1, "change_message": "[{\"added\": {}}]"}}, {"model": "admin.logentry", "pk": 7, "fields": {"action_time": "2016-10-18T07:41:23.410Z", "user": 1, "content_type": 7, "object_id": "3", "object_repr": "3", "action_flag": 1, "change_message": "[{\"added\": {}}]"}}, {"model": "admin.logentry", "pk": 8, "fields": {"action_time": "2016-10-18T07:41:32.550Z", "user": 1, "content_type": 7, "object_id": "4", "object_repr": "4", "action_flag": 1, "change_message": "[{\"added\": {}}]"}}, {"model": "admin.logentry", "pk": 9, "fields": {"action_time": "2016-10-18T07:41:39.521Z", "user": 1, "content_type": 7, "object_id": "5", "object_repr": "5", "action_flag": 1, "change_message": "[{\"added\": {}}]"}}, {"model": "admin.logentry", "pk": 10, "fields": {"action_time": "2016-10-18T07:41:44.787Z", "user": 1, "content_type": 7, "object_id": "6", "object_repr": "6", "action_flag": 1, "change_message": "[{\"added\": {}}]"}}, {"model": "admin.logentry", "pk": 11, "fields": {"action_time": "2016-10-18T07:41:50.480Z", "user": 1, "content_type": 7, "object_id": "7", "object_repr": "7", "action_flag": 1, "change_message": "[{\"added\": {}}]"}}, {"model": "admin.logentry", "pk": 12, "fields": {"action_time": "2016-10-18T07:41:57.856Z", "user": 1, "content_type": 7, "object_id": "8", "object_repr": "8", "action_flag": 1, "change_message": "[{\"added\": {}}]"}}, {"model": "admin.logentry", "pk": 13, "fields": {"action_time": "2016-10-18T07:42:02.801Z", "user": 1, "content_type": 7, "object_id": "9", "object_repr": "9", "action_flag": 1, "change_message": "[{\"added\": {}}]"}}, {"model": "admin.logentry", "pk": 14, "fields": {"action_time": "2016-10-18T11:12:50.100Z", "user": 1, "content_type": 9, "object_id": "2", "object_repr": "Poolside New", "action_flag": 2, "change_message": "[{\"changed\": {\"fields\": [\"name\"]}}]"}}, {"model": "admin.logentry", "pk": 15, "fields": {"action_time": "2016-11-05T15:10:00.037Z", "user": 1, "content_type": 9, "object_id": "1", "object_repr": "Poolside Old", "action_flag": 2, "change_message": "[]"}}, {"model": "admin.logentry", "pk": 16, "fields": {"action_time": "2016-11-05T15:10:02.748Z", "user": 1, "content_type": 9, "object_id": "1", "object_repr": "Poolside Old", "action_flag": 2, "change_message": "[]"}}, {"model": "admin.logentry", "pk": 17, "fields": {"action_time": "2016-11-05T15:11:26.435Z", "user": 1, "content_type": 9, "object_id": "4", "object_repr": "Garden", "action_flag": 2, "change_message": "[{\"changed\": {\"fields\": [\"price\"]}}]"}}, {"model": "admin.logentry", "pk": 18, "fields": {"action_time": "2016-11-05T15:12:25.646Z", "user": 1, "content_type": 9, "object_id": "2", "object_repr": "Poolside New", "action_flag": 2, "change_message": "[{\"changed\": {\"fields\": [\"price\"]}}]"}}, {"model": "admin.logentry", "pk": 19, "fields": {"action_time": "2016-11-05T15:12:32.971Z", "user": 1, "content_type": 9, "object_id": "1", "object_repr": "Poolside Old", "action_flag": 2, "change_message": "[{\"changed\": {\"fields\": [\"price\"]}}]"}}, {"model": "admin.logentry", "pk": 20, "fields": {"action_time": "2016-11-05T16:07:24.722Z", "user": 1, "content_type": 10, "object_id": "1", "object_repr": "Hans Dampf", "action_flag": 1, "change_message": "[{\"added\": {}}]"}}, {"model": "admin.logentry", "pk": 21, "fields": {"action_time": "2016-11-05T16:19:16.507Z", "user": 1, "content_type": 10, "object_id": "1", "object_repr": "Hans Dampf in Room 4 Type Wanderlust", "action_flag": 2, "change_message": "[{\"changed\": {\"fields\": [\"checkin_date\"]}}]"}}, {"model": "admin.logentry", "pk": 22, "fields": {"action_time": "2016-11-05T16:40:29.157Z", "user": 1, "content_type": 10, "object_id": "4", "object_repr": "Hans Dampf in Room 8 Type Garden", "action_flag": 3, "change_message": ""}}, {"model": "admin.logentry", "pk": 23, "fields": {"action_time": "2016-11-05T16:40:29.159Z", "user": 1, "content_type": 10, "object_id": "3", "object_repr": "Hans Dampf in Room 8 Type Garden", "action_flag": 3, "change_message": ""}}, {"model": "admin.logentry", "pk": 24, "fields": {"action_time": "2016-11-05T16:40:29.161Z", "user": 1, "content_type": 10, "object_id": "2", "object_repr": "Hans Dampf in Room 8 Type Garden", "action_flag": 3, "change_message": ""}}, {"model": "admin.logentry", "pk": 25, "fields": {"action_time": "2016-11-06T04:01:49.679Z", "user": 1, "content_type": 11, "object_id": "1", "object_repr": "Mineral Water", "action_flag": 1, "change_message": "[{\"added\": {}}]"}}, {"model": "admin.logentry", "pk": 26, "fields": {"action_time": "2016-11-06T04:02:15.177Z", "user": 1, "content_type": 11, "object_id": "2", "object_repr": "San Mig Pilsen", "action_flag": 1, "change_message": "[{\"added\": {}}]"}}, {"model": "admin.logentry", "pk": 27, "fields": {"action_time": "2016-11-06T04:02:29.840Z", "user": 1, "content_type": 11, "object_id": "3", "object_repr": "San Miguel Light", "action_flag": 1, "change_message": "[{\"added\": {}}]"}}, {"model": "admin.logentry", "pk": 28, "fields": {"action_time": "2016-11-06T04:02:40.803Z", "user": 1, "content_type": 11, "object_id": "4", "object_repr": "Coke", "action_flag": 1, "change_message": "[{\"added\": {}}]"}}, {"model": "admin.logentry", "pk": 29, "fields": {"action_time": "2016-11-06T04:02:55.051Z", "user": 1, "content_type": 11, "object_id": "5", "object_repr": "Sprite", "action_flag": 1, "change_message": "[{\"added\": {}}]"}}, {"model": "admin.logentry", "pk": 30, "fields": {"action_time": "2016-11-06T04:03:14.136Z", "user": 1, "content_type": 11, "object_id": "6", "object_repr": "Royal(orange)", "action_flag": 1, "change_message": "[{\"added\": {}}]"}}, {"model": "admin.logentry", "pk": 31, "fields": {"action_time": "2016-11-06T04:03:28.447Z", "user": 1, "content_type": 11, "object_id": "7", "object_repr": "Tonic Water", "action_flag": 1, "change_message": "[{\"added\": {}}]"}}, {"model": "admin.logentry", "pk": 32, "fields": {"action_time": "2016-11-06T04:03:39.472Z", "user": 1, "content_type": 11, "object_id": "8", "object_repr": "Soda Water", "action_flag": 1, "change_message": "[{\"added\": {}}]"}}, {"model": "admin.logentry", "pk": 33, "fields": {"action_time": "2016-11-06T04:04:01.411Z", "user": 1, "content_type": 11, "object_id": "9", "object_repr": "Instant Coffee", "action_flag": 1, "change_message": "[{\"added\": {}}]"}}, {"model": "admin.logentry", "pk": 34, "fields": {"action_time": "2016-11-06T11:14:19.306Z", "user": 1, "content_type": 12, "object_id": "4", "object_repr": "2 x Royal(orange)", "action_flag": 2, "change_message": "[]"}}, {"model": "admin.logentry", "pk": 35, "fields": {"action_time": "2016-11-06T11:21:18.830Z", "user": 1, "content_type": 12, "object_id": "10", "object_repr": "2 x Royal(orange)", "action_flag": 3, "change_message": ""}}, {"model": "admin.logentry", "pk": 36, "fields": {"action_time": "2016-11-06T11:21:18.832Z", "user": 1, "content_type": 12, "object_id": "9", "object_repr": "2 x Royal(orange)", "action_flag": 3, "change_message": ""}}, {"model": "admin.logentry", "pk": 37, "fields": {"action_time": "2016-11-06T11:21:18.834Z", "user": 1, "content_type": 12, "object_id": "8", "object_repr": "2 x Royal(orange)", "action_flag": 3, "change_message": ""}}, {"model": "admin.logentry", "pk": 38, "fields": {"action_time": "2016-11-06T11:21:18.836Z", "user": 1, "content_type": 12, "object_id": "7", "object_repr": "2 x Royal(orange)", "action_flag": 3, "change_message": ""}}, {"model": "admin.logentry", "pk": 39, "fields": {"action_time": "2016-11-06T11:21:18.838Z", "user": 1, "content_type": 12, "object_id": "6", "object_repr": "2 x Royal(orange)", "action_flag": 3, "change_message": ""}}, {"model": "admin.logentry", "pk": 40, "fields": {"action_time": "2016-11-06T11:21:18.840Z", "user": 1, "content_type": 12, "object_id": "5", "object_repr": "2 x Royal(orange)", "action_flag": 3, "change_message": ""}}, {"model": "admin.logentry", "pk": 41, "fields": {"action_time": "2016-11-06T11:21:18.842Z", "user": 1, "content_type": 12, "object_id": "4", "object_repr": "2 x Royal(orange)", "action_flag": 3, "change_message": ""}}, {"model": "admin.logentry", "pk": 42, "fields": {"action_time": "2016-11-06T11:21:18.844Z", "user": 1, "content_type": 12, "object_id": "3", "object_repr": "2 x Royal(orange)", "action_flag": 3, "change_message": ""}}, {"model": "admin.logentry", "pk": 43, "fields": {"action_time": "2016-11-06T11:21:18.846Z", "user": 1, "content_type": 12, "object_id": "2", "object_repr": "2 x Royal(orange)", "action_flag": 3, "change_message": ""}}, {"model": "admin.logentry", "pk": 44, "fields": {"action_time": "2016-11-06T11:21:18.848Z", "user": 1, "content_type": 12, "object_id": "1", "object_repr": "2 x Royal(orange)", "action_flag": 3, "change_message": ""}}, {"model": "admin.logentry", "pk": 45, "fields": {"action_time": "2016-11-07T13:27:59.626Z", "user": 1, "content_type": 12, "object_id": "13", "object_repr": "2 x San Mig Pilsen", "action_flag": 2, "change_message": "[{\"changed\": {\"fields\": [\"date\"]}}]"}}, {"model": "admin.logentry", "pk": 46, "fields": {"action_time": "2016-11-08T17:29:13.421Z", "user": 1, "content_type": 13, "object_id": "1", "object_repr": "redHonda Wave 100 - registration GB 2343", "action_flag": 1, "change_message": "[{\"added\": {}}]"}}, {"model": "admin.logentry", "pk": 47, "fields": {"action_time": "2016-11-08T17:29:28.833Z", "user": 1, "content_type": 13, "object_id": "2", "object_repr": "blueHonda Wave 100 - registration GB 12233", "action_flag": 1, "change_message": "[{\"added\": {}}]"}}, {"model": "admin.logentry", "pk": 48, "fields": {"action_time": "2016-11-08T17:29:43.399Z", "user": 1, "content_type": 13, "object_id": "3", "object_repr": "pinkHonda Beat - registration GP 34234", "action_flag": 1, "change_message": "[{\"added\": {}}]"}}, {"model": "admin.logentry", "pk": 49, "fields": {"action_time": "2016-11-11T03:11:41.450Z", "user": 1, "content_type": 10, "object_id": "12", "object_repr": "owen in Room 6", "action_flag": 2, "change_message": "[{\"changed\": {\"fields\": [\"checkin_date\"]}}]"}}, {"model": "admin.logentry", "pk": 50, "fields": {"action_time": "2016-11-11T14:16:01.575Z", "user": 1, "content_type": 10, "object_id": "21", "object_repr": "Julian Jenni in Room 5", "action_flag": 3, "change_message": ""}}, {"model": "admin.logentry", "pk": 51, "fields": {"action_time": "2016-11-11T14:16:01.615Z", "user": 1, "content_type": 10, "object_id": "20", "object_repr": "Julian Jenni in Room 5", "action_flag": 3, "change_message": ""}}, {"model": "admin.logentry", "pk": 52, "fields": {"action_time": "2016-11-11T14:16:01.659Z", "user": 1, "content_type": 10, "object_id": "19", "object_repr": "Julian Jenni in Room 5", "action_flag": 3, "change_message": ""}}, {"model": "admin.logentry", "pk": 53, "fields": {"action_time": "2016-11-11T14:16:01.701Z", "user": 1, "content_type": 10, "object_id": "18", "object_repr": "Julian Jenni in Room 5", "action_flag": 3, "change_message": ""}}, {"model": "admin.logentry", "pk": 54, "fields": {"action_time": "2016-11-11T14:16:01.736Z", "user": 1, "content_type": 10, "object_id": "17", "object_repr": "Julian Jenni in Room 5", "action_flag": 3, "change_message": ""}}, {"model": "admin.logentry", "pk": 55, "fields": {"action_time": "2016-11-11T14:16:01.771Z", "user": 1, "content_type": 10, "object_id": "16", "object_repr": "Julian Jenni in Room 5", "action_flag": 3, "change_message": ""}}, {"model": "admin.logentry", "pk": 56, "fields": {"action_time": "2016-11-11T14:16:01.801Z", "user": 1, "content_type": 10, "object_id": "15", "object_repr": "Julian Jenni in Room 5", "action_flag": 3, "change_message": ""}}, {"model": "admin.logentry", "pk": 57, "fields": {"action_time": "2016-11-11T14:16:01.832Z", "user": 1, "content_type": 10, "object_id": "14", "object_repr": "Julian Jenni in Room 5", "action_flag": 3, "change_message": ""}}, {"model": "admin.logentry", "pk": 58, "fields": {"action_time": "2016-11-11T14:16:01.862Z", "user": 1, "content_type": 10, "object_id": "13", "object_repr": "Julian Jenni in Room 5", "action_flag": 3, "change_message": ""}}, {"model": "admin.logentry", "pk": 59, "fields": {"action_time": "2016-11-11T14:42:35.406Z", "user": 1, "content_type": 11, "object_id": "10", "object_repr": "Room Rate (890)", "action_flag": 1, "change_message": "[{\"added\": {}}]"}}, {"model": "admin.logentry", "pk": 60, "fields": {"action_time": "2016-11-12T00:21:11.273Z", "user": 1, "content_type": 11, "object_id": "10", "object_repr": "Room Rate (0)", "action_flag": 2, "change_message": "[{\"changed\": {\"fields\": [\"price\"]}}]"}}, {"model": "admin.logentry", "pk": 61, "fields": {"action_time": "2016-11-12T07:23:25.210Z", "user": 1, "content_type": 10, "object_id": "11", "object_repr": "Maryjane Salarda in Room 1", "action_flag": 3, "change_message": ""}}, {"model": "admin.logentry", "pk": 62, "fields": {"action_time": "2016-11-12T07:23:25.245Z", "user": 1, "content_type": 10, "object_id": "6", "object_repr": "Trudi G\u00fcgsteh\u00fc in Room 1", "action_flag": 3, "change_message": ""}}, {"model": "admin.logentry", "pk": 63, "fields": {"action_time": "2016-11-12T07:23:25.275Z", "user": 1, "content_type": 10, "object_id": "5", "object_repr": "frau b\u00f6hny in Room 2", "action_flag": 3, "change_message": ""}}, {"model": "admin.logentry", "pk": 64, "fields": {"action_time": "2016-11-12T07:23:25.307Z", "user": 1, "content_type": 10, "object_id": "8", "object_repr": "John Smith in Room 3", "action_flag": 3, "change_message": ""}}, {"model": "admin.logentry", "pk": 65, "fields": {"action_time": "2016-11-12T07:23:25.337Z", "user": 1, "content_type": 10, "object_id": "1", "object_repr": "Hans Dampf in Room 4", "action_flag": 3, "change_message": ""}}, {"model": "admin.logentry", "pk": 66, "fields": {"action_time": "2016-11-12T07:23:25.368Z", "user": 1, "content_type": 10, "object_id": "22", "object_repr": "Julian Jenni in Room 5", "action_flag": 3, "change_message": ""}}, {"model": "admin.logentry", "pk": 67, "fields": {"action_time": "2016-11-12T07:23:25.398Z", "user": 1, "content_type": 10, "object_id": "9", "object_repr": "Martin Zukunft in Room 5", "action_flag": 3, "change_message": ""}}, {"model": "admin.logentry", "pk": 68, "fields": {"action_time": "2016-11-12T07:23:25.430Z", "user": 1, "content_type": 10, "object_id": "12", "object_repr": "owen in Room 6", "action_flag": 3, "change_message": ""}}, {"model": "admin.logentry", "pk": 69, "fields": {"action_time": "2016-11-12T07:23:25.461Z", "user": 1, "content_type": 10, "object_id": "10", "object_repr": "Torsten Hugentobler in Room 7", "action_flag": 3, "change_message": ""}}, {"model": "admin.logentry", "pk": 70, "fields": {"action_time": "2016-11-12T07:23:25.496Z", "user": 1, "content_type": 10, "object_id": "7", "object_repr": "Tobias Meier in Room 7", "action_flag": 3, "change_message": ""}}, {"model": "admin.logentry", "pk": 71, "fields": {"action_time": "2016-11-12T07:23:25.528Z", "user": 1, "content_type": 10, "object_id": "23", "object_repr": "Hillar Clinton in Room 8", "action_flag": 3, "change_message": ""}}, {"model": "admin.logentry", "pk": 72, "fields": {"action_time": "2016-11-15T05:45:39.857Z", "user": 1, "content_type": 15, "object_id": "16", "object_repr": "2016-11-30 for Room Room 3", "action_flag": 3, "change_message": ""}}, {"model": "admin.logentry", "pk": 73, "fields": {"action_time": "2016-11-15T05:45:39.896Z", "user": 1, "content_type": 15, "object_id": "15", "object_repr": "2016-11-29 for Room Room 3", "action_flag": 3, "change_message": ""}}, {"model": "admin.logentry", "pk": 74, "fields": {"action_time": "2016-11-15T05:45:39.928Z", "user": 1, "content_type": 15, "object_id": "14", "object_repr": "2016-11-28 for Room Room 3", "action_flag": 3, "change_message": ""}}, {"model": "admin.logentry", "pk": 75, "fields": {"action_time": "2016-11-15T05:45:39.959Z", "user": 1, "content_type": 15, "object_id": "13", "object_repr": "2016-11-27 for Room Room 3", "action_flag": 3, "change_message": ""}}, {"model": "admin.logentry", "pk": 76, "fields": {"action_time": "2016-11-15T05:45:39.993Z", "user": 1, "content_type": 15, "object_id": "12", "object_repr": "2016-11-26 for Room Room 3", "action_flag": 3, "change_message": ""}}, {"model": "admin.logentry", "pk": 77, "fields": {"action_time": "2016-11-15T05:45:40.060Z", "user": 1, "content_type": 15, "object_id": "11", "object_repr": "2016-11-25 for Room Room 3", "action_flag": 3, "change_message": ""}}, {"model": "admin.logentry", "pk": 78, "fields": {"action_time": "2016-11-15T05:45:40.096Z", "user": 1, "content_type": 15, "object_id": "10", "object_repr": "2016-11-24 for Room Room 3", "action_flag": 3, "change_message": ""}}, {"model": "admin.logentry", "pk": 79, "fields": {"action_time": "2016-11-15T05:45:40.143Z", "user": 1, "content_type": 15, "object_id": "9", "object_repr": "2016-11-23 for Room Room 3", "action_flag": 3, "change_message": ""}}, {"model": "admin.logentry", "pk": 80, "fields": {"action_time": "2016-11-15T05:45:40.195Z", "user": 1, "content_type": 15, "object_id": "8", "object_repr": "2016-11-22 for Room Room 3", "action_flag": 3, "change_message": ""}}, {"model": "admin.logentry", "pk": 81, "fields": {"action_time": "2016-11-15T05:45:40.282Z", "user": 1, "content_type": 15, "object_id": "7", "object_repr": "2016-11-21 for Room Room 3", "action_flag": 3, "change_message": ""}}, {"model": "admin.logentry", "pk": 82, "fields": {"action_time": "2016-11-15T05:45:40.358Z", "user": 1, "content_type": 15, "object_id": "6", "object_repr": "2016-11-20 for Room Room 3", "action_flag": 3, "change_message": ""}}, {"model": "admin.logentry", "pk": 83, "fields": {"action_time": "2016-11-15T05:45:40.393Z", "user": 1, "content_type": 15, "object_id": "5", "object_repr": "2016-11-19 for Room Room 3", "action_flag": 3, "change_message": ""}}, {"model": "admin.logentry", "pk": 84, "fields": {"action_time": "2016-11-15T05:45:40.439Z", "user": 1, "content_type": 15, "object_id": "4", "object_repr": "2016-11-18 for Room Room 3", "action_flag": 3, "change_message": ""}}, {"model": "admin.logentry", "pk": 85, "fields": {"action_time": "2016-11-15T05:45:40.480Z", "user": 1, "content_type": 15, "object_id": "3", "object_repr": "2016-11-17 for Room Room 3", "action_flag": 3, "change_message": ""}}, {"model": "admin.logentry", "pk": 86, "fields": {"action_time": "2016-11-15T05:45:40.521Z", "user": 1, "content_type": 15, "object_id": "2", "object_repr": "2016-11-16 for Room Room 3", "action_flag": 3, "change_message": ""}}, {"model": "admin.logentry", "pk": 87, "fields": {"action_time": "2016-11-15T05:45:40.562Z", "user": 1, "content_type": 15, "object_id": "1", "object_repr": "2016-11-15 for Room Room 3", "action_flag": 3, "change_message": ""}}, {"model": "admin.logentry", "pk": 88, "fields": {"action_time": "2016-11-15T05:45:57.502Z", "user": 1, "content_type": 14, "object_id": "5", "object_repr": "Room:Room 1, Guest:Andy Meier in Room 1 from 2016-11-06 until 2016-11-13", "action_flag": 3, "change_message": ""}}, {"model": "admin.logentry", "pk": 89, "fields": {"action_time": "2016-11-15T05:45:57.537Z", "user": 1, "content_type": 14, "object_id": "9", "object_repr": "Room:Room 3, Guest:Xenia Warrior Princess in Room 3 from 2016-11-15 until 2016-11-30", "action_flag": 3, "change_message": ""}}, {"model": "admin.logentry", "pk": 90, "fields": {"action_time": "2016-11-15T05:45:57.568Z", "user": 1, "content_type": 14, "object_id": "8", "object_repr": "Room:Room 3, Guest:Xenia Warrior Princess in Room 3 from 2016-11-15 until 2016-11-30", "action_flag": 3, "change_message": ""}}, {"model": "admin.logentry", "pk": 91, "fields": {"action_time": "2016-11-15T05:45:57.605Z", "user": 1, "content_type": 14, "object_id": "7", "object_repr": "Room:Room 3, Guest:Xenia Warrior Princess in Room 3 from 2016-11-15 until 2016-11-30", "action_flag": 3, "change_message": ""}}, {"model": "admin.logentry", "pk": 92, "fields": {"action_time": "2016-11-15T05:45:57.644Z", "user": 1, "content_type": 14, "object_id": "6", "object_repr": "Room:Room 3, Guest:Xenia Warrior Princess in Room 3 from 2016-11-15 until 2016-11-30", "action_flag": 3, "change_message": ""}}, {"model": "admin.logentry", "pk": 93, "fields": {"action_time": "2016-11-15T05:45:57.685Z", "user": 1, "content_type": 14, "object_id": "3", "object_repr": "Room:Room 3, Guest:Tarja Turunen in Room 3 from 2016-11-01 until 2016-11-12", "action_flag": 3, "change_message": ""}}, {"model": "admin.logentry", "pk": 94, "fields": {"action_time": "2016-11-15T05:45:57.752Z", "user": 1, "content_type": 14, "object_id": "4", "object_repr": "Room:Room 5, Guest:And in Room 5 from 2016-11-01 until 2016-10-05", "action_flag": 3, "change_message": ""}}, {"model": "admin.logentry", "pk": 95, "fields": {"action_time": "2016-11-15T05:46:12.642Z", "user": 1, "content_type": 12, "object_id": "44", "object_repr": "3 x Sprite (25)", "action_flag": 3, "change_message": ""}}, {"model": "admin.logentry", "pk": 96, "fields": {"action_time": "2016-11-15T05:46:12.673Z", "user": 1, "content_type": 12, "object_id": "43", "object_repr": "2 x Sprite (25)", "action_flag": 3, "change_message": ""}}, {"model": "admin.logentry", "pk": 97, "fields": {"action_time": "2016-11-15T05:46:12.704Z", "user": 1, "content_type": 12, "object_id": "42", "object_repr": "1 x San Mig Pilsen (48)", "action_flag": 3, "change_message": ""}}, {"model": "admin.logentry", "pk": 98, "fields": {"action_time": "2016-11-15T05:46:12.735Z", "user": 1, "content_type": 12, "object_id": "41", "object_repr": "1 x San Mig Pilsen (48)", "action_flag": 3, "change_message": ""}}, {"model": "admin.logentry", "pk": 99, "fields": {"action_time": "2016-11-15T05:46:12.773Z", "user": 1, "content_type": 12, "object_id": "40", "object_repr": "-1 x Mineral Water (29)", "action_flag": 3, "change_message": ""}}, {"model": "admin.logentry", "pk": 100, "fields": {"action_time": "2016-11-15T05:46:12.811Z", "user": 1, "content_type": 12, "object_id": "39", "object_repr": "1 x Mineral Water (29)", "action_flag": 3, "change_message": ""}}, {"model": "admin.logentry", "pk": 101, "fields": {"action_time": "2016-11-15T05:46:12.848Z", "user": 1, "content_type": 12, "object_id": "36", "object_repr": "1 x Room Rate (0)", "action_flag": 3, "change_message": ""}}, {"model": "admin.logentry", "pk": 102, "fields": {"action_time": "2016-11-15T05:46:12.885Z", "user": 1, "content_type": 12, "object_id": "35", "object_repr": "1 x Room Rate (0)", "action_flag": 3, "change_message": ""}}, {"model": "admin.logentry", "pk": 103, "fields": {"action_time": "2016-11-15T05:46:26.757Z", "user": 1, "content_type": 10, "object_id": "26", "object_repr": "Andy Meier in Room 1", "action_flag": 3, "change_message": ""}}, {"model": "admin.logentry", "pk": 104, "fields": {"action_time": "2016-11-15T05:46:26.788Z", "user": 1, "content_type": 10, "object_id": "30", "object_repr": "Xenia Warrior Princess in Room 3", "action_flag": 3, "change_message": ""}}, {"model": "admin.logentry", "pk": 105, "fields": {"action_time": "2016-11-15T05:46:26.818Z", "user": 1, "content_type": 10, "object_id": "29", "object_repr": "Xenia Warrior Princess in Room 3", "action_flag": 3, "change_message": ""}}, {"model": "admin.logentry", "pk": 106, "fields": {"action_time": "2016-11-15T05:46:26.850Z", "user": 1, "content_type": 10, "object_id": "28", "object_repr": "Xenia Warrior Princess in Room 3", "action_flag": 3, "change_message": ""}}, {"model": "admin.logentry", "pk": 107, "fields": {"action_time": "2016-11-15T05:46:26.882Z", "user": 1, "content_type": 10, "object_id": "27", "object_repr": "Xenia Warrior Princess in Room 3", "action_flag": 3, "change_message": ""}}, {"model": "admin.logentry", "pk": 108, "fields": {"action_time": "2016-11-15T05:46:26.913Z", "user": 1, "content_type": 10, "object_id": "24", "object_repr": "Tarja Turunen in Room 3", "action_flag": 3, "change_message": ""}}, {"model": "admin.logentry", "pk": 109, "fields": {"action_time": "2016-11-15T05:46:26.943Z", "user": 1, "content_type": 10, "object_id": "25", "object_repr": "And in Room 5", "action_flag": 3, "change_message": ""}}]